HECTARE,TONES,TEMPERATURE,HUMIDITY,PH,RAINFALL,PLACE
8608,605644,25.88,82.00,6.50,302.94,ARIYALUR
6970,809944,27.77,80.32,7.04,326.66,ARIYALUR
7500,739006,24.00,82.32,7.84,263.96,ARIYALUR
7967,880259,26.49,80.16,6.98,342.86,ARIYALUR
7804,707584,27.13,81.60,7.63,282.72,ARIYALUR
9875,1112304,23.06,83.37,7.07,351.05,ARIYALUR
7493,784134,24.71,82.64,5.70,311.32,ARIYALUR
6147,571671,25.28,82.89,5.72,301.97,ARIYALUR
5824,534937,26.52,83.54,6.69,330.45,ARIYALUR
5108,429072,25.22,83.03,6.34,321.21,ARIYALUR
4541,388567,28.41,81.21,8.06,170.33,ARIYALUR
4318,440925,26.45,83.64,7.14,168.48,ARIYALUR
13193,1467460,27.86,76.91,7.93,154.90,COIMBATORE
11939,1195037,26.61,84.63,7.63,131.70,COIMBATORE
11167,1117764,25.14,76.25,5.53,164.47,COIMBATORE
13438,1496800,28.30,77.60,5.85,128.56,COIMBATORE
9623,830060,25.97,84.45,5.33,159.65,COIMBATORE
6299,548422,28.73,84.79,8.29,117.12,COIMBATORE
5883,679798,27.88,81.76,7.45,111.45,COIMBATORE
8894,1237716,28.65,75.85,6.46,138.10,COIMBATORE
9456,1305713,28.40,77.87,7.63,154.59,COIMBATORE
7174,805913,27.14,79.35,7.61,174.91,COIMBATORE
2581,812334,26.96,78.86,7.39,144.11,COIMBATORE
1813,167702,27.71,82.25,8.39,142.91,COIMBATORE
1505,175225,29.35,77.94,5.52,148.82,COIMBATORE
1484,192425,28.23,77.94,6.93,168.80,COIMBATORE
1404,147841,29.70,76.16,8.37,153.02,COIMBATORE
1170,121181,28.70,80.00,7.00,139.26,COIMBATORE
1128,120459,29.07,79.02,6.28,119.33,COIMBATORE
926,93526,25.75,84.94,5.21,104.95,COIMBATORE
792,68900,29.22,76.13,7.66,105.41,COIMBATORE
401,40100,28.42,79.52,6.49,174.90,COIMBATORE
440,45210,28.82,83.95,6.03,160.14,COIMBATORE
462,49667,25.79,78.30,8.04,111.57,COIMBATORE
32654,4401890,26.02,79.54,6.26,109.21,CUDDALORE
38500,4196384,25.17,79.11,8.48,168.68,CUDDALORE
37589,4097088,27.98,84.58,7.60,136.72,CUDDALORE
39126,4425800,25.70,78.48,7.98,130.86,CUDDALORE
40269,4598700,29.96,76.12,7.97,164.21,CUDDALORE
34061,4042121,27.77,83.62,5.19,168.58,CUDDALORE
29734,3549318,29.00,81.35,7.20,138.23,CUDDALORE
37151,3661157,26.93,80.64,5.27,123.31,CUDDALORE
41628,5336460,29.56,78.99,7.60,142.60,CUDDALORE
38357,4226635,25.24,78.70,7.82,143.63,CUDDALORE
30141,3213272,27.60,82.62,8.15,138.20,CUDDALORE
27482,2957123,26.74,81.19,6.71,167.07,CUDDALORE
30798,3315905,27.54,81.63,5.82,121.95,CUDDALORE
31064,2948274,25.34,82.55,5.81,116.34,CUDDALORE
30638,3445715,28.16,79.65,6.92,141.42,CUDDALORE
30304,3286001,27.68,79.43,7.09,173.77,CUDDALORE
27531,3307106,26.28,79.69,6.28,125.02,CUDDALORE
24443,2322085,27.75,83.01,6.99,139.62,CUDDALORE
21628,2090504,26.69,80.84,6.69,103.02,CUDDALORE
18747,2099664,27.22,78.67,6.40,119.72,CUDDALORE
17138,1997499,27.93,77.69,8.01,166.39,CUDDALORE
15248,1851533,27.42,80.92,7.96,147.14,CUDDALORE
27836,2772300,26.71,81.26,6.47,126.62,DHARMAPURI
25826,2311813,28.84,83.41,6.32,103.33,DHARMAPURI
25355,2269651,29.78,81.49,7.61,161.76,DHARMAPURI
22942,1923400,26.97,78.35,7.63,105.38,DHARMAPURI
16049,1114260,27.63,81.16,7.81,134.82,DHARMAPURI
5560,342368,29.52,75.75,5.38,168.40,DHARMAPURI
9819,783163,27.59,75.29,8.45,125.66,DHARMAPURI
14600,1261820,27.25,76.72,8.03,104.63,DHARMAPURI
19331,2015895,27.38,81.61,6.61,120.34,DHARMAPURI
17294,1863117,29.80,79.89,6.12,168.95,DHARMAPURI
16951,1599886,28.76,76.21,5.51,145.86,DHARMAPURI
18642,1357964,29.60,84.59,5.39,137.37,DHARMAPURI
18351,1611784,26.44,77.79,7.05,115.57,DHARMAPURI
20305,2285338,25.65,75.10,5.24,138.16,DHARMAPURI
16102,1299947,26.44,82.86,7.08,138.40,DHARMAPURI
8433,615686,26.43,84.09,5.03,125.40,DHARMAPURI
5854,494643,25.96,77.87,5.65,103.70,DHARMAPURI
7905,624495,27.23,79.31,8.28,140.63,DHARMAPURI
8204,527750,28.76,78.82,8.49,122.98,DHARMAPURI
8114,592322,26.14,82.05,5.22,158.91,DHARMAPURI
4893,448044,25.91,79.10,5.77,133.51,DHARMAPURI
1062,92529,26.63,80.71,8.40,145.75,DHARMAPURI
7051,886010,25.36,83.28,6.14,109.10,DINDIGUL
6655,799113,26.21,84.58,8.30,161.68,DINDIGUL
7163,860112,29.43,76.85,8.37,116.54,DINDIGUL
7437,778600,25.09,81.47,5.29,166.96,DINDIGUL
5770,468450,29.33,81.80,8.01,143.29,DINDIGUL
2961,189827,28.26,81.02,7.33,152.76,DINDIGUL
4185,484598,29.95,79.09,6.48,115.84,DINDIGUL
7014,688087,29.55,77.48,6.95,108.17,DINDIGUL
7561,906708,28.48,80.60,8.20,160.78,DINDIGUL
6372,711211,26.67,77.58,6.85,153.60,DINDIGUL
4980,559045,28.04,77.87,6.13,149.83,DINDIGUL
5055,739841,26.11,78.59,7.94,134.79,DINDIGUL
5256,694262,27.98,80.41,8.37,174.53,DINDIGUL
5739,748894,27.85,82.60,7.90,100.03,DINDIGUL
5378,298234,26.43,81.12,7.42,158.19,DINDIGUL
3838,309789,26.46,79.19,7.50,151.82,DINDIGUL
1824,158893,25.58,81.73,6.87,153.29,DINDIGUL
2504,252904,27.63,77.47,6.77,140.51,DINDIGUL
2373,59787,27.28,84.61,6.02,152.89,DINDIGUL
1661,137863,27.17,79.29,6.11,137.81,DINDIGUL
1827,210267,29.63,82.62,6.57,162.41,DINDIGUL
1788,190167,29.18,79.22,6.66,131.03,DINDIGUL
21581,2579080,25.76,76.88,5.04,132.07,ERODE
22994,2933211,25.30,77.01,6.96,136.35,ERODE
28120,3587105,28.70,80.16,5.12,144.87,ERODE
35875,5297300,27.18,76.20,7.00,139.04,ERODE
27376,3337780,28.06,75.94,7.70,171.32,ERODE
13371,1366904,25.75,75.55,8.30,129.49,ERODE
19948,2675825,27.09,79.88,7.63,147.82,ERODE
41402,4457712,28.92,84.72,6.17,147.62,ERODE
43891,6038436,28.59,84.26,6.98,117.93,ERODE
41906,5286610,26.14,82.17,5.95,129.64,ERODE
37039,4632740,27.43,87.81,7.19,54.73,ERODE
34596,3507607,28.33,80.77,7.03,38.80,ERODE
34479,4115118,27.01,84.34,6.64,55.30,ERODE
31541,3545831,28.17,81.05,6.83,36.36,ERODE
31227,2832977,29.88,87.33,6.89,44.75,ERODE
23539,2562633,29.89,89.72,7.17,42.99,ERODE
21198,2336734,28.56,83.25,6.94,56.48,ERODE
22332,2501184,27.54,85.57,7.20,53.02,ERODE
19370,1262365,29.68,87.94,6.99,41.82,ERODE
8742,1057782,28.14,82.12,7.06,46.76,ERODE
12214,1580779,29.53,86.73,7.16,59.87,ERODE
12785,1626476,27.88,86.45,6.36,44.64,ERODE
23801,5775500,28.22,82.36,6.43,44.01,KANCHIPURAM
8256,996236,29.01,84.96,6.66,45.91,KANCHIPURAM
6159,743195,29.76,86.45,6.64,37.55,KANCHIPURAM
6165,932200,29.78,85.17,6.79,40.78,KANCHIPURAM
5371,422030,27.86,80.45,6.85,42.83,KANCHIPURAM
4819,464050,27.11,84.97,7.12,51.53,KANCHIPURAM
4174,397085,27.11,83.64,6.88,49.12,KANCHIPURAM
5902,492445,28.95,89.08,6.42,57.66,KANCHIPURAM
5394,462746,29.22,87.94,6.54,43.14,KANCHIPURAM
4847,479814,28.74,85.82,6.45,48.55,KANCHIPURAM
1936,240128,29.65,80.30,6.49,56.76,KANCHIPURAM
625,63512,27.24,86.40,6.71,37.31,KANCHIPURAM
1039,132576,28.95,81.67,6.51,56.51,KANCHIPURAM
1819,204692,28.19,82.61,6.29,37.01,KANCHIPURAM
1781,173889,28.30,86.21,6.86,50.47,KANCHIPURAM
1731,179286,27.90,88.72,6.78,57.80,KANCHIPURAM
1846,197134,28.69,87.50,6.77,44.57,KANCHIPURAM
1889,190789,27.83,88.73,6.32,56.69,KANCHIPURAM
2050,178338,28.71,81.59,6.71,59.87,KANCHIPURAM
1661,166100,28.64,84.61,6.79,48.48,KANCHIPURAM
1876,192688,28.29,88.44,7.13,48.57,KANCHIPURAM
1532,146094,27.61,86.13,7.01,43.80,KANCHIPURAM
6,609,28.61,86.99,7.16,36.95,KANNIYAKUMARI
6,650,29.25,84.80,6.99,53.43,KANNIYAKUMARI
7,788,28.63,89.11,6.22,50.50,KANNIYAKUMARI
1,98,29.57,88.08,7.20,45.04,KANNIYAKUMARI
2,207,27.83,87.17,6.39,58.37,KANNIYAKUMARI
10193,1251010,29.88,83.15,6.62,40.12,KARUR
11551,1293358,27.34,88.50,7.03,51.10,KARUR
8418,942558,29.83,89.30,6.32,58.87,KARUR
9629,805700,28.28,82.76,6.40,56.05,KARUR
6682,488160,29.87,85.99,6.40,58.41,KARUR
2341,150035,29.59,89.99,6.90,54.96,KARUR
2842,257026,28.07,82.91,6.48,49.62,KARUR
7189,635946,27.84,90.00,7.06,52.85,KARUR
7731,784611,27.11,87.45,6.98,55.04,KARUR
6042,546674,27.69,81.94,6.23,54.62,KARUR
5821,579527,29.35,85.60,6.23,59.04,KARUR
5982,537205,28.36,84.86,7.14,52.93,KARUR
5837,641085,27.65,89.81,6.46,56.53,KARUR
8130,1111906,27.31,85.45,6.57,53.15,KARUR
6576,621454,27.07,86.90,7.13,50.47,KARUR
3372,338937,28.07,85.92,6.43,39.24,KARUR
2520,253758,27.73,81.14,6.25,44.18,KARUR
2723,345821,27.54,89.93,6.62,45.49,KARUR
2345,188445,29.66,84.28,6.38,56.10,KARUR
915,77775,29.91,85.85,6.42,41.39,KARUR
1130,114223,28.36,87.60,6.32,58.00,KARUR
1022,109465,29.46,87.61,6.98,43.15,KARUR
1645,88236,29.73,82.89,6.44,50.92,KRISHNAGIRI
2198,139463,27.47,87.18,7.18,43.78,KRISHNAGIRI
2956,362979,27.77,87.10,6.40,49.51,KRISHNAGIRI
2568,276158,29.13,88.48,7.09,36.45,KRISHNAGIRI
2512,270153,27.11,89.90,6.70,37.46,KRISHNAGIRI
2325,205762,28.88,86.94,6.59,53.80,KRISHNAGIRI
2342,189702,28.15,83.80,6.65,37.45,KRISHNAGIRI
2199,230235,29.89,80.14,7.12,54.80,KRISHNAGIRI
1135,105896,27.42,80.98,6.91,40.53,KRISHNAGIRI
840,81194,29.27,89.49,7.07,50.92,KRISHNAGIRI
483,46102,29.65,88.49,6.53,56.02,KRISHNAGIRI
581,58681,28.45,82.68,6.68,58.19,KRISHNAGIRI
862,74989,27.96,83.98,6.58,48.94,KRISHNAGIRI
540,54000,29.26,81.98,6.86,42.02,KRISHNAGIRI
555,57037,28.36,88.01,6.49,43.05,KRISHNAGIRI
308,33145,27.63,86.49,6.61,39.26,KRISHNAGIRI
10081,3059430,28.66,86.12,6.86,50.02,MADURAI
6971,863190,29.21,87.11,6.42,51.54,MADURAI
5991,741840,29.41,86.16,6.37,53.35,MADURAI
6043,636000,28.03,84.88,6.56,36.12,MADURAI
5639,601070,28.09,80.35,6.76,38.14,MADURAI
4276,326840,29.16,80.28,6.72,40.17,MADURAI
3312,404518,29.86,80.03,6.67,50.66,MADURAI
4537,407209,29.07,83.69,6.63,43.95,MADURAI
6006,656204,27.39,88.67,6.70,58.30,MADURAI
5827,567905,27.93,85.42,7.01,43.25,MADURAI
4966,592186,29.28,81.80,6.89,44.47,MADURAI
3837,260094,29.00,83.79,6.82,59.84,MADURAI
3571,363436,27.93,86.55,7.18,43.48,MADURAI
4341,490210,28.55,88.96,6.27,49.49,MADURAI
4944,494730,29.36,89.19,6.68,48.30,MADURAI
4075,399214,28.56,83.64,6.69,41.01,MADURAI
2769,222341,28.44,87.91,6.58,43.12,MADURAI
2936,258368,28.80,80.46,6.73,44.30,MADURAI
2721,175887,28.73,89.13,7.07,58.53,MADURAI
2374,199416,27.96,83.53,6.92,43.26,MADURAI
1586,127072,28.17,83.70,6.77,37.25,MADURAI
1347,123270,28.78,86.69,6.98,56.12,MADURAI
3959,485900,28.44,83.49,6.27,52.55,NAGAPATTINAM
3852,344773,27.41,63.42,7.34,44.43,NAGAPATTINAM
5001,447614,24.84,60.09,6.75,48.78,NAGAPATTINAM
3661,366800,29.94,67.31,7.52,40.37,NAGAPATTINAM
3288,301970,25.88,67.55,6.35,47.90,NAGAPATTINAM
2213,225014,20.05,65.84,7.14,46.05,NAGAPATTINAM
2550,222240,22.99,66.71,7.67,54.49,NAGAPATTINAM
4358,401341,25.13,66.93,7.40,49.04,NAGAPATTINAM
6246,585919,28.50,62.45,7.84,53.15,NAGAPATTINAM
6443,505202,18.29,69.49,6.25,48.60,NAGAPATTINAM
4958,329449,24.38,61.18,6.87,53.14,NAGAPATTINAM
3958,288713,21.32,66.44,7.32,45.43,NAGAPATTINAM
3046,289076,18.54,62.71,6.30,44.08,NAGAPATTINAM
3079,266324,25.29,60.86,7.24,49.37,NAGAPATTINAM
3421,319635,25.43,69.13,7.69,41.03,NAGAPATTINAM
2962,278902,28.84,69.76,6.89,44.09,NAGAPATTINAM
2576,225455,27.38,63.94,6.16,49.47,NAGAPATTINAM
1899,121536,28.32,60.19,6.17,45.37,NAGAPATTINAM
1062,60369,27.48,62.05,6.86,37.81,NAGAPATTINAM
596,59600,18.28,68.10,6.98,48.80,NAGAPATTINAM
386,39686,27.61,69.30,7.04,42.72,NAGAPATTINAM
258,27726,23.44,63.22,5.94,45.40,NAGAPATTINAM
9411,1505330,20.96,63.68,7.24,52.40,NAMAKKAL
10190,1361516,23.79,68.03,6.52,49.74,NAMAKKAL
10930,1460389,22.64,65.45,6.23,38.30,NAMAKKAL
11574,1361300,21.54,65.47,7.51,35.75,NAMAKKAL
10661,1446560,29.88,65.73,6.95,44.96,NAMAKKAL
10628,1337109,25.27,67.10,6.96,48.34,NAMAKKAL
9476,1306920,25.18,68.93,6.55,35.03,NAMAKKAL
13278,1844553,24.12,61.10,6.46,44.24,NAMAKKAL
21058,3967643,23.34,67.40,7.07,36.19,NAMAKKAL
19450,2457760,21.75,63.40,6.77,50.43,NAMAKKAL
18959,2356130,27.60,63.46,5.92,54.38,NAMAKKAL
19050,2571979,24.39,62.50,6.71,47.26,NAMAKKAL
18445,2393368,24.98,66.90,6.38,38.21,NAMAKKAL
19733,2678224,28.23,69.32,6.31,35.37,NAMAKKAL
20299,1607629,26.03,69.56,7.39,37.11,NAMAKKAL
16544,1965911,28.05,64.08,7.50,37.16,NAMAKKAL
16849,2124130,24.87,64.00,7.20,48.28,NAMAKKAL
14268,1555212,23.97,62.36,7.01,53.41,NAMAKKAL
11817,1269381,20.06,67.76,6.68,42.90,NAMAKKAL
10152,1025352,19.59,61.29,6.74,41.77,NAMAKKAL
10813,1268693,29.77,66.29,6.55,35.70,NAMAKKAL
10111,1400119,27.52,60.54,6.55,48.06,NAMAKKAL
9029,871980,25.63,63.15,6.59,45.50,PERAMBALUR
12445,1393459,20.39,60.48,6.92,53.32,PERAMBALUR
11921,1334787,25.39,60.50,7.44,39.18,PERAMBALUR
12673,799300,24.91,60.71,7.14,42.20,PERAMBALUR
11435,888310,27.70,63.21,7.75,37.46,PERAMBALUR
8654,826474,18.06,65.10,6.30,51.55,PERAMBALUR
10721,1220543,18.13,62.46,6.08,50.61,PERAMBALUR
15984,1997185,23.83,67.90,6.77,46.91,PERAMBALUR
18660,2119925,23.19,62.75,7.64,49.55,PERAMBALUR
15803,1333457,25.09,68.18,6.56,41.45,PERAMBALUR
3688,952805,25.87,61.88,7.07,36.68,PERAMBALUR
4594,435266,18.44,68.05,7.73,39.01,PERAMBALUR
5316,567404,27.15,67.03,6.16,52.51,PERAMBALUR
6729,808715,23.33,64.51,7.24,47.02,PERAMBALUR
6500,567313,26.72,62.97,6.90,42.87,PERAMBALUR
5241,484717,19.56,64.45,6.82,53.05,PERAMBALUR
6039,557595,26.14,66.77,6.26,46.48,PERAMBALUR
8112,827424,28.00,65.58,6.49,49.94,PERAMBALUR
5253,433138,29.06,62.11,7.04,36.50,PERAMBALUR
4452,347256,25.71,64.11,7.69,50.17,PERAMBALUR
3754,299467,21.80,63.73,6.25,46.62,PERAMBALUR
2905,256993,24.71,60.27,6.05,53.12,PERAMBALUR
2829,347210,20.95,65.81,7.00,44.24,PUDUKKOTTAI
3854,411553,24.85,68.98,7.27,41.61,PUDUKKOTTAI
5000,535180,21.91,65.22,5.96,36.10,PUDUKKOTTAI
5811,582200,25.93,68.71,7.08,51.02,PUDUKKOTTAI
6349,583080,29.82,69.41,6.59,51.56,PUDUKKOTTAI
6091,619323,27.52,63.13,7.29,45.21,PUDUKKOTTAI
7472,930638,28.00,68.64,7.33,46.11,PUDUKKOTTAI
9459,1276047,20.77,63.90,6.37,47.93,PUDUKKOTTAI
10204,1485060,23.05,60.42,7.01,52.60,PUDUKKOTTAI
8760,997492,21.66,63.58,6.28,38.08,PUDUKKOTTAI
7297,769148,26.25,67.63,7.62,40.81,PUDUKKOTTAI
7133,723920,20.97,63.83,7.63,53.10,PUDUKKOTTAI
7858,853814,23.90,66.32,7.80,40.75,PUDUKKOTTAI
9243,1216485,25.52,72.25,6.00,151.89,PUDUKKOTTAI
9124,797048,26.59,82.94,6.03,161.25,PUDUKKOTTAI
6826,471079,25.30,86.89,7.12,196.62,PUDUKKOTTAI
5062,542695,25.72,88.17,6.21,175.61,PUDUKKOTTAI
4417,472619,23.58,72.00,6.09,190.42,PUDUKKOTTAI
3473,306376,25.31,72.01,6.35,190.56,PUDUKKOTTAI
3388,257488,23.42,85.09,6.66,185.74,PUDUKKOTTAI
2850,252003,24.36,88.80,6.18,169.12,PUDUKKOTTAI
2333,285922,26.28,75.15,7.25,182.27,PUDUKKOTTAI
257,31540,27.14,83.12,6.39,169.34,RAMANATHAPURAM
352,37429,28.89,71.92,7.32,150.25,RAMANATHAPURAM
220,23393,27.76,88.37,6.03,189.43,RAMANATHAPURAM
597,59800,24.13,74.68,6.34,199.84,RAMANATHAPURAM
685,62910,27.99,88.96,7.03,151.49,RAMANATHAPURAM
451,45857,29.22,70.88,7.30,195.86,RAMANATHAPURAM
260,28619,25.40,79.27,7.01,164.27,RAMANATHAPURAM
361,37794,27.31,71.45,7.49,164.50,RAMANATHAPURAM
502,61643,28.73,81.86,6.63,191.96,RAMANATHAPURAM
334,35918,27.97,78.21,6.24,169.84,RAMANATHAPURAM
323,34307,26.70,74.64,6.74,181.28,RAMANATHAPURAM
456,46261,28.90,73.84,6.59,153.90,RAMANATHAPURAM
550,59623,29.40,72.61,7.10,174.79,RAMANATHAPURAM
592,66618,28.87,79.79,6.96,173.10,RAMANATHAPURAM
472,46084,29.14,75.00,7.38,151.90,RAMANATHAPURAM
422,43708,28.29,77.63,6.18,184.98,RAMANATHAPURAM
244,26057,29.39,89.89,6.55,197.12,RAMANATHAPURAM
317,32017,29.76,80.76,6.43,174.51,RAMANATHAPURAM
319,27751,28.49,84.48,6.74,168.78,RAMANATHAPURAM
213,21300,25.37,76.24,6.13,183.83,RAMANATHAPURAM
116,11980,28.21,81.70,6.67,180.12,RAMANATHAPURAM
83,8974,29.31,78.54,6.19,186.23,RAMANATHAPURAM
10765,1440330,23.77,87.98,6.33,150.32,SALEM
8926,1192629,24.80,78.53,7.16,162.28,SALEM
9953,1329850,23.21,74.10,7.42,199.48,SALEM
9455,812400,23.67,70.89,6.77,184.46,SALEM
4986,320390,25.12,85.73,6.35,159.57,SALEM
4756,450155,23.89,83.46,6.10,167.72,SALEM
6399,583832,23.09,81.45,6.14,196.66,SALEM
10468,981940,24.22,82.85,7.48,166.14,SALEM
12797,1348714,24.06,71.31,6.51,153.64,SALEM
11610,1072636,24.85,74.44,6.57,175.57,SALEM
11453,1065278,26.42,76.86,7.17,197.21,SALEM
11296,930663,24.89,77.01,7.21,196.47,SALEM
12339,1302343,23.26,82.70,7.12,166.22,SALEM
12218,1222664,24.76,87.06,6.46,179.16,SALEM
15485,1321473,24.97,78.63,6.86,166.64,SALEM
12652,1215553,26.13,80.49,7.13,150.63,SALEM
9433,927786,25.98,81.66,6.24,163.35,SALEM
8255,701675,26.28,73.36,6.70,186.69,SALEM
5961,427232,26.39,83.31,7.43,176.15,SALEM
5755,558235,25.27,73.75,6.11,168.04,SALEM
5600,534518,23.09,78.46,7.10,155.39,SALEM
4341,364562,25.79,81.77,6.35,193.24,SALEM
4390,538790,23.17,87.88,6.66,160.62,SIVAGANGA
5594,499493,25.63,79.95,7.05,182.26,SIVAGANGA
7050,629501,25.85,87.82,7.33,152.62,SIVAGANGA
5033,435900,26.57,80.90,6.35,181.29,SIVAGANGA
5039,462780,26.25,72.97,7.12,189.97,SIVAGANGA
3357,341335,26.92,73.20,7.00,177.22,SIVAGANGA
2248,195502,24.37,82.11,6.54,159.92,SIVAGANGA
3995,381890,25.72,79.16,7.17,187.17,SIVAGANGA
6090,646186,25.01,88.33,7.23,169.42,SIVAGANGA
5992,602226,25.41,76.44,7.32,188.64,SIVAGANGA
5298,586637,23.28,74.28,6.61,153.74,SIVAGANGA
4980,487427,23.99,82.09,6.10,167.06,SIVAGANGA
5219,456131,24.49,83.21,6.13,192.23,SIVAGANGA
6283,778663,25.87,84.10,7.36,154.84,SIVAGANGA
6091,548874,23.56,79.46,7.32,185.26,SIVAGANGA
5257,331683,24.22,74.89,7.18,192.49,SIVAGANGA
3783,339558,25.49,86.97,7.30,176.53,SIVAGANGA
4084,396148,24.97,79.48,6.84,195.76,SIVAGANGA
4260,214635,24.81,82.09,6.36,156.36,SIVAGANGA
3268,186276,23.17,76.67,6.51,157.12,SIVAGANGA
2164,104369,24.25,89.86,7.10,175.17,SIVAGANGA
1667,129239,26.58,78.01,6.31,154.82,SIVAGANGA
13897,1244250,26.82,78.20,7.09,153.92,THANJAVUR
11718,1069224,25.50,81.13,6.69,169.93,THANJAVUR
11593,1057818,24.10,80.57,6.19,176.86,THANJAVUR
11356,1086800,23.19,86.21,6.49,176.10,THANJAVUR
10966,1121900,26.24,78.51,6.86,183.41,THANJAVUR
9711,1206038,23.75,71.15,7.12,160.09,THANJAVUR
12000,1362612,26.14,79.12,6.07,171.49,THANJAVUR
15353,1529712,26.15,71.24,6.43,193.10,THANJAVUR
18374,1936307,26.92,73.49,6.25,171.47,THANJAVUR
15507,1675345,26.52,77.17,7.29,157.85,THANJAVUR
11296,1126098,23.82,80.94,7.16,190.31,THANJAVUR
8564,915222,26.51,76.84,6.07,152.98,THANJAVUR
8817,1184908,26.64,70.96,7.31,199.34,THANJAVUR
10665,1187515,23.33,79.80,6.58,187.31,THANJAVUR
11671,1288791,26.48,73.96,6.73,180.25,THANJAVUR
8580,1012422,23.79,74.37,6.01,172.64,THANJAVUR
9317,1008859,25.50,76.00,6.66,193.71,THANJAVUR
7690,661340,23.25,73.65,6.43,184.77,THANJAVUR
5660,500652,26.99,79.06,7.43,193.88,THANJAVUR
4754,480154,23.61,76.14,6.99,150.24,THANJAVUR
4837,453029,23.87,86.79,6.72,177.51,THANJAVUR
4415,470190,23.93,78.07,6.88,154.66,THANJAVUR
104,12760,14.81,81.69,6.86,190.79,THE NILGIRIS
240,25723,14.45,82.29,6.77,190.97,THE NILGIRIS
14,1500,16.57,73.82,7.26,159.32,THE NILGIRIS
7,700,15.33,87.36,7.26,191.65,THE NILGIRIS
14,1290,16.45,85.32,7.24,144.69,THE NILGIRIS
11,1211,15.71,82.89,7.19,136.73,THE NILGIRIS
11,1152,14.13,86.18,6.43,147.28,THE NILGIRIS
10,1228,13.44,86.40,6.42,122.21,THE NILGIRIS
10,1075,23.41,82.27,6.87,139.37,THE NILGIRIS
5,531,13.06,80.41,6.97,164.50,THE NILGIRIS
4,391,15.08,83.66,7.18,129.88,THE NILGIRIS
3,311,17.65,81.11,6.35,122.84,THE NILGIRIS
4,427,15.47,86.35,6.39,171.38,THE NILGIRIS
4,404,16.74,85.55,6.12,140.63,THE NILGIRIS
4,348,16.21,82.51,6.91,189.09,THE NILGIRIS
5,500,17.04,87.28,6.50,165.69,THE NILGIRIS
4,380,14.65,81.94,7.03,135.14,THE NILGIRIS
1,86,17.35,85.99,7.13,148.98,THE NILGIRIS
16133,3617820,25.18,62.26,6.65,135.01,THENI
13515,1622842,23.11,58.00,6.70,161.89,THENI
12673,1569245,27.23,52.95,7.49,175.73,THENI
10790,1711000,23.26,60.52,6.72,194.18,THENI
10590,878040,32.83,60.63,6.19,87.79,THENI
6988,692993,33.84,61.36,6.33,92.65,THENI
5940,723302,33.79,58.36,6.03,113.88,THENI
7510,1105908,31.36,68.08,6.11,67.24,THENI
9055,1042004,30.77,71.98,6.30,74.74,THENI
7658,769797,32.78,69.64,6.05,140.77,THENI
6366,852350,32.77,56.62,6.40,70.63,THENI
5551,725312,33.58,58.55,6.10,124.23,THENI
5979,715878,31.76,60.89,6.42,86.13,THENI
7130,931905,32.90,70.37,6.05,134.04,THENI
6408,806079,30.75,66.50,6.18,88.71,THENI
6425,672685,31.11,62.36,6.18,118.78,THENI
4767,457012,31.22,60.02,6.24,78.88,THENI
5287,586857,30.31,63.21,6.40,97.85,THENI
4822,394587,33.51,74.83,6.20,87.26,THENI
2939,311534,33.91,57.28,6.40,73.85,THENI
3082,371436,32.22,58.42,6.10,142.34,THENI
3195,328876,30.75,59.87,6.07,103.66,THENI
8284,1432090,30.93,61.28,6.29,119.57,THIRUVALLUR
11280,1361136,33.54,59.59,6.47,123.37,THIRUVALLUR
7039,849383,33.31,60.12,6.07,146.98,THIRUVALLUR
6206,813200,31.39,69.42,6.32,77.65,THIRUVALLUR
5993,665600,31.78,65.36,6.01,147.17,THIRUVALLUR
4530,458083,33.04,66.08,6.27,87.38,THIRUVALLUR
3240,329440,32.47,57.73,6.37,127.57,THIRUVALLUR
5558,570279,30.02,62.95,6.29,78.49,THIRUVALLUR
8436,1143424,33.85,58.03,6.46,117.65,THIRUVALLUR
6393,747815,30.44,59.92,6.05,110.14,THIRUVALLUR
5615,626831,33.79,62.71,6.46,95.82,THIRUVALLUR
6200,629788,30.05,59.36,6.03,127.27,THIRUVALLUR
6698,737531,31.11,69.03,6.40,95.50,THIRUVALLUR
7380,798018,32.72,57.58,6.08,103.55,THIRUVALLUR
7669,746013,31.94,70.44,6.16,85.80,THIRUVALLUR
7352,698344,31.13,68.99,6.04,72.17,THIRUVALLUR
7215,711579,33.59,64.75,6.09,70.30,THIRUVALLUR
6114,611400,32.85,69.71,6.16,136.34,THIRUVALLUR
5383,512738,32.15,62.53,6.40,87.52,THIRUVALLUR
5734,550464,30.05,56.78,6.38,101.39,THIRUVALLUR
5461,452821,33.88,74.28,6.45,97.66,THIRUVALLUR
4258,437310,30.48,68.49,6.29,149.10,THIRUVALLUR
3126,383660,31.89,71.45,6.02,93.34,THIRUVARUR
2174,198369,33.59,57.33,6.18,126.16,THIRUVARUR
2338,213334,30.49,58.55,6.02,71.10,THIRUVARUR
1738,174100,33.91,74.80,6.08,142.75,THIRUVARUR
1632,149880,32.98,72.18,6.16,78.76,THIRUVARUR
1765,179462,32.95,69.77,6.40,119.60,THIRUVARUR
1834,201877,32.14,62.95,6.46,82.42,THIRUVARUR
3683,385581,31.14,59.66,6.12,140.89,THIRUVARUR
2853,350333,31.36,60.86,6.19,116.55,THIRUVARUR
2281,245295,33.27,74.72,6.45,69.84,THIRUVARUR
2370,251727,31.48,63.19,6.06,91.42,THIRUVARUR
1695,171958,30.33,70.45,6.29,85.94,THIRUVARUR
846,91711,30.14,61.10,6.20,106.79,THIRUVARUR
548,61667,30.35,67.91,6.28,109.88,THIRUVARUR
593,57898,30.09,64.96,6.07,97.74,THIRUVARUR
503,52098,32.51,65.61,6.02,103.55,THIRUVARUR
581,62045,30.38,74.97,6.07,105.01,THIRUVARUR
375,37875,32.64,61.93,6.03,108.76,THIRUVARUR
357,31057,33.49,66.71,6.05,67.09,THIRUVARUR
168,16800,33.31,68.93,6.23,128.78,THIRUVARUR
75,7689,30.81,67.45,6.46,131.91,THIRUVARUR
24,2590,33.21,68.89,6.20,116.66,THIRUVARUR
31,3800,32.39,65.23,6.27,91.10,THOOTHUKUDI
131,14020,33.02,72.24,6.46,111.27,THOOTHUKUDI
57,6100,30.22,62.43,6.32,116.62,THOOTHUKUDI
113,11300,33.36,60.94,6.47,97.97,THOOTHUKUDI
113,10380,32.69,67.39,6.17,93.27,THOOTHUKUDI
69,7016,30.08,62.44,6.14,129.38,THOOTHUKUDI
60,6604,32.69,62.51,6.31,111.52,THOOTHUKUDI
155,16227,32.26,66.70,6.08,105.70,THOOTHUKUDI
219,26892,31.19,55.61,6.01,81.26,THOOTHUKUDI
231,24841,33.62,73.16,6.14,65.84,THOOTHUKUDI
253,26872,32.29,59.99,6.47,130.46,THOOTHUKUDI
428,43421,31.31,65.64,6.26,128.42,THOOTHUKUDI
562,60924,32.91,70.58,6.19,72.14,THOOTHUKUDI
581,65380,33.95,70.55,6.40,137.26,THOOTHUKUDI
457,44619,32.44,61.01,6.45,70.40,THOOTHUKUDI
204,21129,33.06,67.60,6.40,120.03,THOOTHUKUDI
98,10465,33.12,57.42,6.04,136.17,THOOTHUKUDI
181,18281,32.49,71.05,6.09,104.05,THOOTHUKUDI
163,14180,31.87,62.35,6.39,139.21,THOOTHUKUDI
39,3900,30.89,61.99,6.05,92.28,THOOTHUKUDI
37,3810,31.98,69.58,6.10,76.13,THOOTHUKUDI
26,2811,31.15,63.02,6.40,136.82,THOOTHUKUDI
13204,1899500,32.14,57.11,6.13,125.08,TIRUCHIRAPPALLI
6241,698801,32.18,55.26,6.22,87.09,TIRUCHIRAPPALLI
4964,555816,33.49,56.14,6.32,91.76,TIRUCHIRAPPALLI
4789,479800,32.15,58.32,6.21,144.46,TIRUCHIRAPPALLI
4614,423740,32.81,69.62,6.11,145.07,TIRUCHIRAPPALLI
3135,318762,32.30,72.36,6.39,74.96,TIRUCHIRAPPALLI
4470,391871,32.30,60.52,6.40,141.48,TIRUCHIRAPPALLI
7485,648156,32.35,66.04,6.11,111.36,TIRUCHIRAPPALLI
7464,737734,31.12,72.66,6.40,86.44,TIRUCHIRAPPALLI
6767,763582,33.37,62.40,6.13,137.67,TIRUCHIRAPPALLI
4962,513607,33.34,62.93,6.26,74.89,TIRUCHIRAPPALLI
4478,505319,30.73,61.86,6.13,65.36,TIRUCHIRAPPALLI
4817,493673,30.35,74.52,6.36,62.92,TIRUCHIRAPPALLI
5232,584829,30.67,64.33,6.23,78.69,TIRUCHIRAPPALLI
4899,345403,30.81,67.71,6.41,118.72,TIRUCHIRAPPALLI
4034,449019,31.92,71.78,6.12,142.87,TIRUCHIRAPPALLI
2999,254760,33.95,70.55,6.40,137.26,TIRUCHIRAPPALLI
2699,248308,32.44,61.01,6.45,70.40,TIRUCHIRAPPALLI
2384,223129,33.06,67.60,6.40,120.03,TIRUCHIRAPPALLI
1749,148665,33.12,57.42,6.04,136.17,TIRUCHIRAPPALLI
1784,144286,31.98,69.58,6.10,76.13,TIRUCHIRAPPALLI
1608,150762,31.15,63.02,6.40,136.82,TIRUCHIRAPPALLI
2662,326710,32.14,57.11,6.13,125.08,TIRUNELVELI
5911,589966,32.18,55.26,6.22,87.09,TIRUNELVELI
3585,357812,26.65,70.80,4.63,361.14,TIRUNELVELI
3736,374300,29.37,69.51,4.91,296.10,TIRUNELVELI
3476,319230,32.89,66.62,5.70,391.42,TIRUNELVELI
2707,275244,26.16,71.11,5.16,250.79,TIRUNELVELI
2771,305017,32.79,76.51,5.72,231.98,TIRUNELVELI
4614,353386,30.85,71.74,4.56,243.49,TIRUNELVELI
5454,669721,32.81,64.19,5.55,348.67,TIRUNELVELI
6095,623896,21.64,73.90,5.49,315.36,TIRUNELVELI
6177,619967,21.56,62.07,4.67,305.63,TIRUNELVELI
4782,416216,24.92,71.09,5.79,250.36,TIRUNELVELI
4776,483642,23.37,65.55,5.39,232.51,TIRUNELVELI
5110,437339,32.61,74.96,5.36,237.84,TIRUNELVELI
3534,273601,32.99,73.85,5.39,363.01,TIRUNELVELI
3369,215001,21.17,63.90,4.67,210.74,TIRUNELVELI
2680,209151,32.29,77.08,5.70,259.75,TIRUNELVELI
2398,254188,31.86,71.31,5.09,368.63,TIRUNELVELI
2439,97977,20.46,68.50,5.90,364.47,TIRUNELVELI
2529,252900,30.20,70.78,5.87,384.81,TIRUNELVELI
3009,309122,32.84,76.09,5.60,213.90,TIRUNELVELI
2265,192096,28.65,70.16,5.51,239.41,TIRUNELVELI
6378,665656,33.21,68.98,5.67,273.06,TIRUPPUR
6703,743019,30.88,74.98,4.74,256.43,TIRUPPUR
6878,841168,23.27,79.89,5.35,375.46,TIRUPPUR
7633,924642,26.93,77.70,5.00,301.19,TIRUPPUR
5347,491342,33.95,76.82,5.82,359.90,TIRUPPUR
4713,461927,20.09,64.87,5.96,255.79,TIRUPPUR
2933,308628,26.09,68.70,5.04,289.49,TIRUPPUR
5593,687939,22.09,71.07,5.75,230.61,TIRUPPUR
4887,258355,33.95,79.77,5.91,304.11,TIRUPPUR
1390,155680,28.53,72.03,5.13,257.66,TIRUPPUR
2966,399067,28.01,65.92,4.73,366.40,TIRUPPUR
2425,313657,27.04,61.67,5.02,210.69,TIRUPPUR
27897,2731420,33.13,61.06,4.55,248.95,TIRUVANNAMALAI
26753,2446320,31.62,63.11,5.02,390.36,TIRUVANNAMALAI
24586,2248168,27.51,72.96,4.54,240.29,TIRUVANNAMALAI
23586,1087100,24.33,72.86,4.72,205.54,TIRUVANNAMALAI
12014,171870,28.72,68.48,4.64,269.22,TIRUVANNAMALAI
7404,646643,25.28,77.89,4.59,230.71,TIRUVANNAMALAI
17231,1596624,30.83,66.82,5.57,364.31,TIRUVANNAMALAI
27263,2584669,24.78,66.89,5.60,321.54,TIRUVANNAMALAI
31014,3174500,21.25,69.58,5.40,397.32,TIRUVANNAMALAI
28227,3278651,22.71,75.99,4.58,358.14,TIRUVANNAMALAI
24198,2393521,28.99,79.70,4.65,235.17,TIRUVANNAMALAI
24467,2292158,26.67,67.58,4.86,285.14,TIRUVANNAMALAI
31435,2949680,26.45,71.19,4.58,215.33,TIRUVANNAMALAI
37794,4411273,25.15,63.89,5.96,255.14,TIRUVANNAMALAI
43477,4376790,22.15,62.59,4.88,309.60,TIRUVANNAMALAI
37783,3084592,22.16,72.35,5.06,342.12,TIRUVANNAMALAI
24992,2071637,25.99,76.59,5.09,342.27,TIRUVANNAMALAI
25394,2183884,27.66,77.68,5.36,279.17,TIRUVANNAMALAI
25399,1992349,28.60,60.04,5.21,209.70,TIRUVANNAMALAI
20070,2067210,21.81,65.75,4.52,302.94,TIRUVANNAMALAI
18126,1686484,24.59,65.79,5.72,396.26,TIRUVANNAMALAI
12709,1057701,28.76,64.81,5.72,233.37,TIRUVANNAMALAI
27098,2156460,25.54,76.24,5.17,361.77,VELLORE
30528,2660060,28.87,70.40,5.48,258.36,VELLORE
26879,2342104,23.21,73.51,5.25,309.04,VELLORE
28682,1401600,30.03,70.96,5.21,313.25,VELLORE
14397,1134480,22.69,72.59,5.15,237.04,VELLORE
12772,1051915,31.76,79.61,5.68,247.26,VELLORE
12325,1000691,31.33,65.01,5.09,373.02,VELLORE
17202,1410960,32.25,78.75,5.84,311.61,VELLORE
22680,2185377,20.41,75.19,5.16,353.39,VELLORE
20938,1944994,28.91,64.35,5.84,206.07,VELLORE
16775,1581933,21.33,71.83,5.89,295.83,VELLORE
14329,1094112,23.42,73.13,5.73,204.02,VELLORE
14034,1267726,33.87,69.67,4.70,373.56,VELLORE
15085,1460436,23.92,68.73,5.53,299.35,VELLORE
13182,1244329,25.58,68.14,5.22,348.03,VELLORE
11591,1093697,27.94,67.03,5.70,258.84,VELLORE
8789,735960,22.71,68.71,5.48,290.22,VELLORE
7296,583680,27.63,64.81,5.18,352.68,VELLORE
5936,561812,30.88,66.76,4.87,200.06,VELLORE
5201,462889,21.61,74.61,5.45,280.81,VELLORE
5628,559647,33.71,74.64,6.00,330.43,VELLORE
3369,298347,29.90,77.54,4.88,269.10,VELLORE
44737,4995600,28.39,75.61,5.18,376.88,VILLUPURAM
42884,4668718,28.69,60.34,5.12,251.21,VILLUPURAM
40233,4380107,24.27,64.93,5.40,203.88,VILLUPURAM
36886,4378300,25.41,79.82,5.50,339.99,VILLUPURAM
34805,3033690,29.83,73.96,5.55,315.19,VILLUPURAM
30279,3125368,21.44,62.78,4.89,215.67,VILLUPURAM
39444,4511684,30.34,70.67,5.42,310.09,VILLUPURAM
56564,6233409,22.41,75.47,4.59,396.46,VILLUPURAM
61920,8229230,22.66,70.42,5.81,250.43,VILLUPURAM
56698,5787278,27.74,60.46,5.68,339.62,VILLUPURAM
52991,5801190,30.85,70.02,5.43,219.75,VILLUPURAM
54139,5796759,27.94,78.96,5.37,201.55,VILLUPURAM
64348,7236792,25.59,68.82,5.06,349.94,VILLUPURAM
73460,8062159,21.97,77.62,5.93,354.79,VILLUPURAM
79437,8704838,28.13,74.90,5.48,283.56,VILLUPURAM
88786,10598908,32.83,78.71,5.14,302.22,VILLUPURAM
79709,9368212,27.34,55.28,8.05,73.45,VILLUPURAM
73243,8129973,28.93,53.57,9.68,66.36,VILLUPURAM
60325,6353711,27.65,58.60,6.97,36.94,VILLUPURAM
49644,5262264,28.52,55.77,7.39,61.33,VILLUPURAM
48020,4874759,31.02,45.89,6.69,53.57,VILLUPURAM
34055,3593868,25.74,45.38,7.88,67.43,VILLUPURAM
3707,454970,31.70,56.85,5.88,44.94,VIRUDHUNAGAR
3052,317444,24.48,58.52,8.20,34.97,VIRUDHUNAGAR
3475,361441,31.47,51.80,8.99,74.44,VIRUDHUNAGAR
3825,383200,25.61,50.73,5.88,53.39,VIRUDHUNAGAR
3580,328780,30.30,47.18,7.71,68.04,VIRUDHUNAGAR
2871,291919,28.17,43.67,4.52,45.78,VIRUDHUNAGAR
2194,218450,25.51,44.83,9.93,74.33,VIRUDHUNAGAR
3209,371525,31.13,43.59,6.46,32.77,VIRUDHUNAGAR
4211,455740,26.34,55.59,8.02,35.11,VIRUDHUNAGAR
4438,439668,28.23,61.56,3.71,72.67,VIRUDHUNAGAR
3903,411236,27.04,49.33,5.49,48.25,VIRUDHUNAGAR
3193,333333,25.16,55.25,9.25,40.90,VIRUDHUNAGAR
3314,287655,27.32,51.67,6.01,32.56,VIRUDHUNAGAR
3259,373134,25.41,49.66,7.44,31.87,VIRUDHUNAGAR
3319,297582,31.22,46.02,3.81,53.12,VIRUDHUNAGAR
2917,296017,30.57,58.23,5.82,62.75,VIRUDHUNAGAR
2350,229469,25.43,53.22,4.52,46.19,VIRUDHUNAGAR
2260,178540,27.09,43.65,3.51,41.54,VIRUDHUNAGAR
2189,145876,24.31,56.33,6.03,59.00,VIRUDHUNAGAR
1547,133042,30.06,45.90,5.50,41.06,VIRUDHUNAGAR
1503,161698,28.10,60.98,4.61,33.84,VIRUDHUNAGAR
1287,134110,26.34,40.01,5.55,55.50,VIRUDHUNAGAR
